Title,Price,Rating,Colors,Size,Gender,timestamp
T-shirt 2,1634400,3.9,3,M,Women,2025-05-08T09:25:49.288172
Hoodie 3,7950080,4.8,3,L,Unisex,2025-05-08T09:25:49.288267
Pants 4,7476960,3.3,3,XL,Men,2025-05-08T09:25:49.288362
Outerwear 5,5145440,3.5,3,XXL,Women,2025-05-08T09:25:49.288453
Jacket 6,2453920,3.3,3,S,Unisex,2025-05-08T09:25:49.288541
Crewneck 7,6892000,4.3,3,M,Men,2025-05-08T09:25:49.288628
T-shirt 8,7802560,3.1,3,L,Women,2025-05-08T09:25:49.288716
Hoodie 9,3972160,3.2,3,XL,Unisex,2025-05-08T09:25:49.288808
Pants 10,3100160,4.2,3,XXL,Men,2025-05-08T09:25:49.288895
Jacket 12,8527840,3.9,3,M,Unisex,2025-05-08T09:25:49.289068
Crewneck 13,5447200,3.2,3,L,Men,2025-05-08T09:25:49.289155
T-shirt 14,3248800,3.8,3,XL,Women,2025-05-08T09:25:49.289239
Hoodie 15,2184160,3.6,3,XXL,Unisex,2025-05-08T09:25:49.289324
Outerwear 17,841600,3.8,3,M,Women,2025-05-08T09:25:49.289493
Jacket 18,5500000,3.8,3,L,Unisex,2025-05-08T09:25:49.289588
Crewneck 19,1308960,3.6,3,XL,Men,2025-05-08T09:25:49.289677
T-shirt 20,1325600,3.4,3,XXL,Women,2025-05-08T09:25:49.289768
Pants 22,4319680,4.9,3,M,Men,2025-05-08T09:25:49.394176
Outerwear 23,4655840,3.7,3,L,Women,2025-05-08T09:25:49.394263
Jacket 24,8223520,3.9,3,XL,Unisex,2025-05-08T09:25:49.394353
Crewneck 25,8322559,3.3,3,XXL,Men,2025-05-08T09:25:49.394435
T-shirt 26,7292320,4.6,3,S,Women,2025-05-08T09:25:49.394512
Hoodie 27,3551840,4.8,3,M,Unisex,2025-05-08T09:25:49.394582
Pants 28,5216160,4.0,3,L,Men,2025-05-08T09:25:49.394667
Outerwear 29,861600,3.1,3,XL,Women,2025-05-08T09:25:49.394734
Jacket 30,8610240,3.7,3,XXL,Unisex,2025-05-08T09:25:49.394820
T-shirt 32,6657920,3.4,3,M,Women,2025-05-08T09:25:49.395084
Hoodie 33,7248160,3.5,3,L,Unisex,2025-05-08T09:25:49.395215
Pants 34,8362719,3.8,3,XL,Men,2025-05-08T09:25:49.395348
Outerwear 35,1356160,3.8,3,XXL,Women,2025-05-08T09:25:49.395473
Jacket 36,7249280,3.7,3,S,Unisex,2025-05-08T09:25:49.395602
Crewneck 37,6006080,4.0,3,M,Men,2025-05-08T09:25:49.395709
T-shirt 38,4866080,3.2,3,L,Women,2025-05-08T09:25:49.395802
Hoodie 39,6431200,4.6,3,XL,Unisex,2025-05-08T09:25:49.395932
Pants 40,5853600,3.1,3,XXL,Men,2025-05-08T09:25:49.396037
Jacket 42,6744160,3.7,3,M,Unisex,2025-05-08T09:25:49.491106
Crewneck 43,2909600,4.5,3,L,Men,2025-05-08T09:25:49.491232
T-shirt 44,3312320,3.0,3,XL,Women,2025-05-08T09:25:49.491315
Hoodie 45,8693120,4.5,3,XXL,Unisex,2025-05-08T09:25:49.491385
Outerwear 47,6364640,3.2,3,M,Women,2025-05-08T09:25:49.491529
Jacket 48,4994720,3.4,3,L,Unisex,2025-05-08T09:25:49.491600
Crewneck 49,1071200,4.0,3,XL,Men,2025-05-08T09:25:49.491669
T-shirt 50,5932960,3.1,3,XXL,Women,2025-05-08T09:25:49.491738
Pants 52,1596480,4.0,3,M,Men,2025-05-08T09:25:49.491877
Outerwear 53,4470880,4.3,3,L,Women,2025-05-08T09:25:49.491944
Jacket 54,854560,4.2,3,XL,Unisex,2025-05-08T09:25:49.492025
Crewneck 55,1793760,3.6,3,XXL,Men,2025-05-08T09:25:49.492167
T-shirt 56,4643040,3.8,3,S,Women,2025-05-08T09:25:49.492259
Hoodie 57,3155360,4.9,3,M,Unisex,2025-05-08T09:25:49.492330
Pants 58,1637760,4.4,3,L,Men,2025-05-08T09:25:49.492403
Outerwear 59,2254240,4.6,3,XL,Women,2025-05-08T09:25:49.492474
Jacket 60,3375520,4.2,3,XXL,Unisex,2025-05-08T09:25:49.492556
T-shirt 62,1376480,3.8,3,M,Women,2025-05-08T09:25:49.593356
Hoodie 63,6479200,3.6,3,L,Unisex,2025-05-08T09:25:49.593428
Pants 64,7728480,4.0,3,XL,Men,2025-05-08T09:25:49.593497
Outerwear 65,2385920,4.1,3,XXL,Women,2025-05-08T09:25:49.593567
Jacket 66,4353120,3.5,3,S,Unisex,2025-05-08T09:25:49.593637
Crewneck 67,8470720,3.5,3,M,Men,2025-05-08T09:25:49.593721
T-shirt 68,8025280,4.0,3,L,Women,2025-05-08T09:25:49.593792
Hoodie 69,1027839,3.6,3,XL,Unisex,2025-05-08T09:25:49.593861
Pants 70,1171360,4.4,3,XXL,Men,2025-05-08T09:25:49.593929
Jacket 72,3776000,4.4,3,M,Unisex,2025-05-08T09:25:49.594066
Crewneck 73,2460320,3.0,3,L,Men,2025-05-08T09:25:49.594142
T-shirt 74,7704800,3.8,3,XL,Women,2025-05-08T09:25:49.594226
Hoodie 75,2101760,4.3,3,XXL,Unisex,2025-05-08T09:25:49.594299
Outerwear 77,861760,3.7,3,M,Women,2025-05-08T09:25:49.594430
Jacket 78,2716480,4.3,3,L,Unisex,2025-05-08T09:25:49.594498
Crewneck 79,3309600,4.6,3,XL,Men,2025-05-08T09:25:49.594566
T-shirt 80,4178399,4.5,3,XXL,Women,2025-05-08T09:25:49.594638
Pants 82,8315520,4.8,3,M,Men,2025-05-08T09:25:49.701766
Outerwear 83,3947840,3.7,3,L,Women,2025-05-08T09:25:49.701855
Jacket 84,2826080,4.8,3,XL,Unisex,2025-05-08T09:25:49.701944
Crewneck 85,4564160,3.5,3,XXL,Men,2025-05-08T09:25:49.702042
T-shirt 86,1670880,3.9,3,S,Women,2025-05-08T09:25:49.702147
Hoodie 87,7870240,4.3,3,M,Unisex,2025-05-08T09:25:49.702239
Pants 88,7590400,3.1,3,L,Men,2025-05-08T09:25:49.702326
Outerwear 89,4856320,3.0,3,XL,Women,2025-05-08T09:25:49.702420
Jacket 90,7160000,4.0,3,XXL,Unisex,2025-05-08T09:25:49.702506
T-shirt 92,5012320,3.5,3,M,Women,2025-05-08T09:25:49.702684
Hoodie 93,1365280,3.6,3,L,Unisex,2025-05-08T09:25:49.702776
Pants 94,1074880,4.3,3,XL,Men,2025-05-08T09:25:49.702862
Outerwear 95,6062240,3.5,3,XXL,Women,2025-05-08T09:25:49.702946
Jacket 96,4598240,4.9,3,S,Unisex,2025-05-08T09:25:49.703030
Crewneck 97,6113120,3.9,3,M,Men,2025-05-08T09:25:49.703115
T-shirt 98,8596960,3.1,3,L,Women,2025-05-08T09:25:49.703200
Hoodie 99,5028000,3.6,3,XL,Unisex,2025-05-08T09:25:49.703283
Pants 100,2217280,4.6,3,XXL,Men,2025-05-08T09:25:49.703366
Jacket 102,3840640,3.3,3,M,Unisex,2025-05-08T09:25:49.838710
Crewneck 103,2331680,3.5,3,L,Men,2025-05-08T09:25:49.838814
T-shirt 104,2374400,3.8,3,XL,Women,2025-05-08T09:25:49.838913
Hoodie 105,5019840,4.2,3,XXL,Unisex,2025-05-08T09:25:49.839032
Outerwear 107,6625120,4.0,3,M,Women,2025-05-08T09:25:49.839223
Jacket 108,5551680,4.8,3,L,Unisex,2025-05-08T09:25:49.839318
Crewneck 109,5886880,3.3,3,XL,Men,2025-05-08T09:25:49.839411
T-shirt 110,7197120,4.6,3,XXL,Women,2025-05-08T09:25:49.839505
Pants 112,4261920,3.3,3,M,Men,2025-05-08T09:25:49.839704
Outerwear 113,4472000,3.7,3,L,Women,2025-05-08T09:25:49.839801
Jacket 114,5386560,4.9,3,XL,Unisex,2025-05-08T09:25:49.839895
Crewneck 115,1933280,4.5,3,XXL,Men,2025-05-08T09:25:49.839993
T-shirt 116,3474560,3.0,3,S,Women,2025-05-08T09:25:49.840090
Hoodie 117,3376320,5.0,3,M,Unisex,2025-05-08T09:25:49.840186
Pants 118,5585440,3.2,3,L,Men,2025-05-08T09:25:49.840280
Outerwear 119,3561760,3.4,3,XL,Women,2025-05-08T09:25:49.840374
Jacket 120,7480320,4.0,3,XXL,Unisex,2025-05-08T09:25:49.840469
T-shirt 122,1961920,3.6,3,M,Women,2025-05-08T09:25:49.941445
Hoodie 123,4498080,3.8,3,L,Unisex,2025-05-08T09:25:49.941545
Pants 124,7023520,3.2,3,XL,Men,2025-05-08T09:25:49.941645
Outerwear 125,6998240,4.2,3,XXL,Women,2025-05-08T09:25:49.941755
Jacket 126,4426080,3.9,3,S,Unisex,2025-05-08T09:25:49.941853
Crewneck 127,8311680,4.0,3,M,Men,2025-05-08T09:25:49.941952
T-shirt 128,4466720,3.8,3,L,Women,2025-05-08T09:25:49.942051
Hoodie 129,2532480,4.5,3,XL,Unisex,2025-05-08T09:25:49.942147
Pants 130,6603520,4.8,3,XXL,Men,2025-05-08T09:25:49.942248
Jacket 132,6474880,4.2,3,M,Unisex,2025-05-08T09:25:49.942451
Crewneck 133,2016320,4.7,3,L,Men,2025-05-08T09:25:49.942547
T-shirt 134,5937440,3.2,3,XL,Women,2025-05-08T09:25:49.942641
Hoodie 135,5141440,4.7,3,XXL,Unisex,2025-05-08T09:25:49.942735
Outerwear 137,6988320,4.5,3,M,Women,2025-05-08T09:25:49.942940
Jacket 138,4635520,3.4,3,L,Unisex,2025-05-08T09:25:49.943036
Crewneck 139,8053120,4.5,3,XL,Men,2025-05-08T09:25:49.943131
T-shirt 140,6811040,3.5,3,XXL,Women,2025-05-08T09:25:49.943229
Pants 142,2325280,4.9,3,M,Men,2025-05-08T09:25:50.045165
Outerwear 143,3346560,4.9,3,L,Women,2025-05-08T09:25:50.045277
Jacket 144,5758240,4.3,3,XL,Unisex,2025-05-08T09:25:50.045377
Crewneck 145,3472800,4.8,3,XXL,Men,2025-05-08T09:25:50.045477
T-shirt 146,7688640,4.3,3,S,Women,2025-05-08T09:25:50.045576
Hoodie 147,3052800,5.0,3,M,Unisex,2025-05-08T09:25:50.045675
Pants 148,6033440,4.7,3,L,Men,2025-05-08T09:25:50.045772
Outerwear 149,3105920,3.2,3,XL,Women,2025-05-08T09:25:50.045867
Jacket 150,1500640,3.6,3,XXL,Unisex,2025-05-08T09:25:50.045962
T-shirt 152,6288640,4.2,3,M,Women,2025-05-08T09:25:50.046154
Hoodie 153,2660640,4.3,3,L,Unisex,2025-05-08T09:25:50.046249
Pants 154,2337440,3.0,3,XL,Men,2025-05-08T09:25:50.046343
Outerwear 155,3783200,4.1,3,XXL,Women,2025-05-08T09:25:50.046449
Jacket 156,6645120,3.6,3,S,Unisex,2025-05-08T09:25:50.046543
Crewneck 157,1105760,4.0,3,M,Men,2025-05-08T09:25:50.046636
T-shirt 158,7321120,4.0,3,L,Women,2025-05-08T09:25:50.046729
Hoodie 159,2371680,4.9,3,XL,Unisex,2025-05-08T09:25:50.046821
Pants 160,2802880,3.4,3,XXL,Men,2025-05-08T09:25:50.046914
Jacket 162,1543840,4.5,3,M,Unisex,2025-05-08T09:25:50.146857
Crewneck 163,7861920,4.4,3,L,Men,2025-05-08T09:25:50.146958
T-shirt 164,3512000,3.9,3,XL,Women,2025-05-08T09:25:50.147070
Hoodie 165,6921280,4.9,3,XXL,Unisex,2025-05-08T09:25:50.147173
Outerwear 167,3273760,3.1,3,M,Women,2025-05-08T09:25:50.147361
Jacket 168,870400,4.4,3,L,Unisex,2025-05-08T09:25:50.147460
Crewneck 169,8032800,4.7,3,XL,Men,2025-05-08T09:25:50.147561
T-shirt 170,6677920,4.5,3,XXL,Women,2025-05-08T09:25:50.147660
Pants 172,1566080,4.9,3,M,Men,2025-05-08T09:25:50.147863
Outerwear 173,7034560,4.6,3,L,Women,2025-05-08T09:25:50.147963
Jacket 174,6282240,3.3,3,XL,Unisex,2025-05-08T09:25:50.148064
Crewneck 175,8125120,4.5,3,XXL,Men,2025-05-08T09:25:50.148164
T-shirt 176,6104320,3.6,3,S,Women,2025-05-08T09:25:50.148263
Hoodie 177,1890400,4.6,3,M,Unisex,2025-05-08T09:25:50.148360
Pants 178,6184160,3.0,3,L,Men,2025-05-08T09:25:50.148460
Outerwear 179,5816640,3.5,3,XL,Women,2025-05-08T09:25:50.148563
Jacket 180,5552640,3.9,3,XXL,Unisex,2025-05-08T09:25:50.148657
T-shirt 182,2334880,3.8,3,M,Women,2025-05-08T09:25:50.255284
Hoodie 183,3904640,3.6,3,L,Unisex,2025-05-08T09:25:50.255387
Pants 184,7759520,4.5,3,XL,Men,2025-05-08T09:25:50.255485
Outerwear 185,7822880,3.2,3,XXL,Women,2025-05-08T09:25:50.255583
Jacket 186,6940480,4.2,3,S,Unisex,2025-05-08T09:25:50.255681
Crewneck 187,6663520,3.8,3,M,Men,2025-05-08T09:25:50.255778
T-shirt 188,3927840,4.4,3,L,Women,2025-05-08T09:25:50.255874
Hoodie 189,1946720,4.0,3,XL,Unisex,2025-05-08T09:25:50.255981
Pants 190,2220960,4.5,3,XXL,Men,2025-05-08T09:25:50.256086
Jacket 192,5066240,3.8,3,M,Unisex,2025-05-08T09:25:50.256284
Crewneck 193,7355680,4.1,3,L,Men,2025-05-08T09:25:50.256381
T-shirt 194,2818720,4.9,3,XL,Women,2025-05-08T09:25:50.256477
Hoodie 195,7208960,4.9,3,XXL,Unisex,2025-05-08T09:25:50.256575
Outerwear 197,5681600,4.9,3,M,Women,2025-05-08T09:25:50.256762
Jacket 198,5435040,4.5,3,L,Unisex,2025-05-08T09:25:50.256859
Crewneck 199,6744320,3.1,3,XL,Men,2025-05-08T09:25:50.256955
T-shirt 200,6289920,3.5,3,XXL,Women,2025-05-08T09:25:50.257053
Pants 202,5592480,3.3,3,M,Men,2025-05-08T09:25:50.372254
Outerwear 203,2144000,3.4,3,L,Women,2025-05-08T09:25:50.372371
Jacket 204,6031040,3.9,3,XL,Unisex,2025-05-08T09:25:50.372473
Crewneck 205,6434880,3.2,3,XXL,Men,2025-05-08T09:25:50.372571
T-shirt 206,4674720,4.5,3,S,Women,2025-05-08T09:25:50.372668
Hoodie 207,6101440,3.5,3,M,Unisex,2025-05-08T09:25:50.372764
Pants 208,4637600,3.1,3,L,Men,2025-05-08T09:25:50.372860
Outerwear 209,7980640,4.3,3,XL,Women,2025-05-08T09:25:50.372955
Jacket 210,7827360,4.7,3,XXL,Unisex,2025-05-08T09:25:50.373050
T-shirt 212,8794880,4.7,3,M,Women,2025-05-08T09:25:50.373237
Hoodie 213,5748000,3.6,3,L,Unisex,2025-05-08T09:25:50.373329
Pants 214,4315680,4.9,3,XL,Men,2025-05-08T09:25:50.373423
Outerwear 215,1449600,3.8,3,XXL,Women,2025-05-08T09:25:50.373517
Jacket 216,4576480,4.6,3,S,Unisex,2025-05-08T09:25:50.373610
Crewneck 217,5772960,4.8,3,M,Men,2025-05-08T09:25:50.373705
T-shirt 218,5600320,3.1,3,L,Women,2025-05-08T09:25:50.373800
Hoodie 219,5671040,4.6,3,XL,Unisex,2025-05-08T09:25:50.373895
Pants 220,3357600,3.2,3,XXL,Men,2025-05-08T09:25:50.373988
Jacket 222,7438080,3.4,3,M,Unisex,2025-05-08T09:25:50.501257
Crewneck 223,952960,4.8,3,L,Men,2025-05-08T09:25:50.501394
T-shirt 224,3534560,4.5,3,XL,Women,2025-05-08T09:25:50.501497
Hoodie 225,5232800,3.5,3,XXL,Unisex,2025-05-08T09:25:50.501595
Outerwear 227,6742560,4.8,3,M,Women,2025-05-08T09:25:50.501781
Jacket 228,8076800,4.5,3,L,Unisex,2025-05-08T09:25:50.501875
Crewneck 229,3101920,4.9,3,XL,Men,2025-05-08T09:25:50.501971
T-shirt 230,7133280,4.5,3,XXL,Women,2025-05-08T09:25:50.502066
Pants 232,8327360,4.0,3,M,Men,2025-05-08T09:25:50.502261
Outerwear 233,847360,4.8,3,L,Women,2025-05-08T09:25:50.502356
Jacket 234,1159200,4.5,3,XL,Unisex,2025-05-08T09:25:50.502450
Crewneck 235,6560320,3.4,3,XXL,Men,2025-05-08T09:25:50.502546
T-shirt 236,5492320,3.9,3,S,Women,2025-05-08T09:25:50.502642
Hoodie 237,4743520,3.1,3,M,Unisex,2025-05-08T09:25:50.502751
Pants 238,8301920,3.8,3,L,Men,2025-05-08T09:25:50.502849
Outerwear 239,7934080,3.1,3,XL,Women,2025-05-08T09:25:50.502943
Jacket 240,7600000,3.8,3,XXL,Unisex,2025-05-08T09:25:50.503037
T-shirt 242,4833600,3.4,3,M,Women,2025-05-08T09:25:50.607817
Hoodie 243,3371680,3.1,3,L,Unisex,2025-05-08T09:25:50.607916
Pants 244,8116160,3.1,3,XL,Men,2025-05-08T09:25:50.608015
Outerwear 245,1451680,4.0,3,XXL,Women,2025-05-08T09:25:50.608115
Jacket 246,8735040,3.1,3,S,Unisex,2025-05-08T09:25:50.608212
Crewneck 247,8769120,3.0,3,M,Men,2025-05-08T09:25:50.608309
T-shirt 248,2280000,4.5,3,L,Women,2025-05-08T09:25:50.608405
Hoodie 249,2149440,4.2,3,XL,Unisex,2025-05-08T09:25:50.608502
Pants 250,4314240,3.1,3,XXL,Men,2025-05-08T09:25:50.608601
Jacket 252,8408480,3.2,3,M,Unisex,2025-05-08T09:25:50.608808
Crewneck 253,1854720,3.9,3,L,Men,2025-05-08T09:25:50.608903
T-shirt 254,5984160,3.9,3,XL,Women,2025-05-08T09:25:50.608999
Hoodie 255,3668000,4.1,3,XXL,Unisex,2025-05-08T09:25:50.609094
Outerwear 257,7073120,5.0,3,M,Women,2025-05-08T09:25:50.609277
Jacket 258,2080639,4.7,3,L,Unisex,2025-05-08T09:25:50.609372
Crewneck 259,2275520,3.3,3,XL,Men,2025-05-08T09:25:50.609466
T-shirt 260,6271520,3.5,3,XXL,Women,2025-05-08T09:25:50.609561
Pants 262,1097760,3.4,3,M,Men,2025-05-08T09:25:50.712246
Outerwear 263,1878400,4.2,3,L,Women,2025-05-08T09:25:50.712347
Jacket 264,2063040,4.8,3,XL,Unisex,2025-05-08T09:25:50.712462
Crewneck 265,2483040,3.5,3,XXL,Men,2025-05-08T09:25:50.712562
T-shirt 266,4842080,4.6,3,S,Women,2025-05-08T09:25:50.712664
Hoodie 267,4086240,4.3,3,M,Unisex,2025-05-08T09:25:50.712762
Pants 268,5005120,3.6,3,L,Men,2025-05-08T09:25:50.712859
Outerwear 269,8073920,3.1,3,XL,Women,2025-05-08T09:25:50.712955
Jacket 270,2569120,4.2,3,XXL,Unisex,2025-05-08T09:25:50.713050
T-shirt 272,5811840,3.3,3,M,Women,2025-05-08T09:25:50.713246
Hoodie 273,5291360,4.9,3,L,Unisex,2025-05-08T09:25:50.713341
Pants 274,3669280,4.2,3,XL,Men,2025-05-08T09:25:50.713448
Outerwear 275,5575360,4.8,3,XXL,Women,2025-05-08T09:25:50.713548
Jacket 276,1013600,4.3,3,S,Unisex,2025-05-08T09:25:50.713649
Crewneck 277,2383680,4.7,3,M,Men,2025-05-08T09:25:50.713744
T-shirt 278,2087360,3.8,3,L,Women,2025-05-08T09:25:50.713838
Hoodie 279,5592320,4.7,3,XL,Unisex,2025-05-08T09:25:50.713931
Pants 280,7501440,3.9,3,XXL,Men,2025-05-08T09:25:50.714026
Jacket 282,2227040,3.0,3,M,Unisex,2025-05-08T09:25:50.812938
Crewneck 283,6633120,3.2,3,L,Men,2025-05-08T09:25:50.813039
T-shirt 284,6568000,3.6,3,XL,Women,2025-05-08T09:25:50.813150
Hoodie 285,3009120,3.2,3,XXL,Unisex,2025-05-08T09:25:50.813252
Outerwear 287,5273600,3.7,3,M,Women,2025-05-08T09:25:50.813450
Jacket 288,3123040,4.1,3,L,Unisex,2025-05-08T09:25:50.813550
Crewneck 289,888000,4.0,3,XL,Men,2025-05-08T09:25:50.813648
T-shirt 290,6425120,4.2,3,XXL,Women,2025-05-08T09:25:50.813745
Pants 292,2384480,3.9,3,M,Men,2025-05-08T09:25:50.813945
Outerwear 293,1176160,4.5,3,L,Women,2025-05-08T09:25:50.814054
Jacket 294,5947200,3.8,3,XL,Unisex,2025-05-08T09:25:50.814154
Crewneck 295,7266720,4.9,3,XXL,Men,2025-05-08T09:25:50.814250
T-shirt 296,1172160,3.1,3,S,Women,2025-05-08T09:25:50.814347
Hoodie 297,7801120,3.6,3,M,Unisex,2025-05-08T09:25:50.814443
Pants 298,2426080,4.8,3,L,Men,2025-05-08T09:25:50.814538
Outerwear 299,1947840,4.3,3,XL,Women,2025-05-08T09:25:50.814634
Jacket 300,6408480,4.0,3,XXL,Unisex,2025-05-08T09:25:50.814732
T-shirt 302,5711200,3.2,3,M,Women,2025-05-08T09:25:50.915143
Hoodie 303,7974560,4.1,3,L,Unisex,2025-05-08T09:25:50.915265
Pants 304,7129760,3.4,3,XL,Men,2025-05-08T09:25:50.915392
Outerwear 305,6325440,4.5,3,XXL,Women,2025-05-08T09:25:50.915493
Jacket 306,7575040,4.2,3,S,Unisex,2025-05-08T09:25:50.915592
Crewneck 307,7735200,3.7,3,M,Men,2025-05-08T09:25:50.915691
T-shirt 308,4086080,4.1,3,L,Women,2025-05-08T09:25:50.915789
Hoodie 309,3953120,4.8,3,XL,Unisex,2025-05-08T09:25:50.915886
Pants 310,6329280,4.7,3,XXL,Men,2025-05-08T09:25:50.916144
Jacket 312,7267040,3.8,3,M,Unisex,2025-05-08T09:25:50.916370
Crewneck 313,1948320,3.1,3,L,Men,2025-05-08T09:25:50.916467
T-shirt 314,6017120,3.2,3,XL,Women,2025-05-08T09:25:50.916562
Hoodie 315,7022880,3.1,3,XXL,Unisex,2025-05-08T09:25:50.916657
Outerwear 317,5259040,3.3,3,M,Women,2025-05-08T09:25:50.916845
Jacket 318,5667200,3.7,3,L,Unisex,2025-05-08T09:25:50.916940
Crewneck 319,3085920,3.3,3,XL,Men,2025-05-08T09:25:50.917033
T-shirt 320,829440,3.3,3,XXL,Women,2025-05-08T09:25:50.917127
Pants 322,7810400,3.2,3,M,Men,2025-05-08T09:25:51.014112
Outerwear 323,8468000,3.1,3,L,Women,2025-05-08T09:25:51.014219
Jacket 324,6082720,3.3,3,XL,Unisex,2025-05-08T09:25:51.014329
Crewneck 325,3001760,3.4,3,XXL,Men,2025-05-08T09:25:51.014428
T-shirt 326,4519360,4.9,3,S,Women,2025-05-08T09:25:51.014530
Hoodie 327,6641440,4.4,3,M,Unisex,2025-05-08T09:25:51.014629
Pants 328,5732960,4.5,3,L,Men,2025-05-08T09:25:51.014725
Outerwear 329,6724160,4.7,3,XL,Women,2025-05-08T09:25:51.014824
Jacket 330,1591200,4.3,3,XXL,Unisex,2025-05-08T09:25:51.014926
T-shirt 332,2335680,3.4,3,M,Women,2025-05-08T09:25:51.015119
Hoodie 333,1746080,4.8,3,L,Unisex,2025-05-08T09:25:51.015214
Pants 334,2409440,3.8,3,XL,Men,2025-05-08T09:25:51.015308
Outerwear 335,2826720,3.0,3,XXL,Women,2025-05-08T09:25:51.015406
Jacket 336,6237760,5.0,3,S,Unisex,2025-05-08T09:25:51.015504
Crewneck 337,8608800,4.3,3,M,Men,2025-05-08T09:25:51.015602
T-shirt 338,2883360,3.9,3,L,Women,2025-05-08T09:25:51.015702
Hoodie 339,4424800,4.9,3,XL,Unisex,2025-05-08T09:25:51.015802
Pants 340,5975200,4.3,3,XXL,Men,2025-05-08T09:25:51.015898
Jacket 342,1827680,4.8,3,M,Unisex,2025-05-08T09:25:51.144944
Crewneck 343,2279040,4.1,3,L,Men,2025-05-08T09:25:51.145049
T-shirt 344,3415680,4.5,3,XL,Women,2025-05-08T09:25:51.145148
Hoodie 345,7577440,3.3,3,XXL,Unisex,2025-05-08T09:25:51.145247
Outerwear 347,6986080,4.7,3,M,Women,2025-05-08T09:25:51.145440
Jacket 348,3195040,4.6,3,L,Unisex,2025-05-08T09:25:51.145537
Crewneck 349,6085600,3.5,3,XL,Men,2025-05-08T09:25:51.145637
T-shirt 350,8047680,5.0,3,XXL,Women,2025-05-08T09:25:51.145733
Pants 352,2838880,4.0,3,M,Men,2025-05-08T09:25:51.145938
Outerwear 353,961600,3.6,3,L,Women,2025-05-08T09:25:51.146034
Jacket 354,2294720,3.8,3,XL,Unisex,2025-05-08T09:25:51.146128
Crewneck 355,4246560,3.2,3,XXL,Men,2025-05-08T09:25:51.146222
T-shirt 356,7150080,4.3,3,S,Women,2025-05-08T09:25:51.146317
Hoodie 357,3739360,3.6,3,M,Unisex,2025-05-08T09:25:51.146416
Pants 358,8479520,3.9,3,L,Men,2025-05-08T09:25:51.146521
Outerwear 359,1696480,4.3,3,XL,Women,2025-05-08T09:25:51.146623
Jacket 360,8788320,4.8,3,XXL,Unisex,2025-05-08T09:25:51.146725
T-shirt 362,4776800,5.0,3,M,Women,2025-05-08T09:25:51.249363
Hoodie 363,1171360,3.2,3,L,Unisex,2025-05-08T09:25:51.249467
Pants 364,4972800,4.8,3,XL,Men,2025-05-08T09:25:51.249569
Outerwear 365,6956480,4.5,3,XXL,Women,2025-05-08T09:25:51.249672
Jacket 366,5854880,4.9,3,S,Unisex,2025-05-08T09:25:51.249922
Crewneck 367,8359360,4.9,3,M,Men,2025-05-08T09:25:51.250023
T-shirt 368,965120,3.2,3,L,Women,2025-05-08T09:25:51.250120
Hoodie 369,7204960,4.7,3,XL,Unisex,2025-05-08T09:25:51.250217
Pants 370,4559680,3.6,3,XXL,Men,2025-05-08T09:25:51.250314
Jacket 372,5052960,3.6,3,M,Unisex,2025-05-08T09:25:51.250554
Crewneck 373,2231040,3.6,3,L,Men,2025-05-08T09:25:51.250650
T-shirt 374,7697120,3.9,3,XL,Women,2025-05-08T09:25:51.250746
Hoodie 375,7027520,3.9,3,XXL,Unisex,2025-05-08T09:25:51.250843
Outerwear 377,6802080,4.8,3,M,Women,2025-05-08T09:25:51.251031
Jacket 378,3402400,3.6,3,L,Unisex,2025-05-08T09:25:51.251161
Crewneck 379,3963200,4.4,3,XL,Men,2025-05-08T09:25:51.251364
T-shirt 380,2547040,3.8,3,XXL,Women,2025-05-08T09:25:51.251505
Pants 382,1356160,4.4,3,M,Men,2025-05-08T09:25:51.347378
Outerwear 383,3431040,3.4,3,L,Women,2025-05-08T09:25:51.347479
Jacket 384,1452960,3.3,3,XL,Unisex,2025-05-08T09:25:51.347581
Crewneck 385,7950720,4.9,3,XXL,Men,2025-05-08T09:25:51.347679
T-shirt 386,4793600,4.6,3,S,Women,2025-05-08T09:25:51.347797
Hoodie 387,8418080,4.2,3,M,Unisex,2025-05-08T09:25:51.347911
Pants 388,931200,3.1,3,L,Men,2025-05-08T09:25:51.348023
Outerwear 389,2883200,5.0,3,XL,Women,2025-05-08T09:25:51.348120
Jacket 390,5432960,3.3,3,XXL,Unisex,2025-05-08T09:25:51.348218
T-shirt 392,1226080,4.4,3,M,Women,2025-05-08T09:25:51.348424
Hoodie 393,4068480,3.2,3,L,Unisex,2025-05-08T09:25:51.348518
Pants 394,3540000,3.3,3,XL,Men,2025-05-08T09:25:51.348614
Outerwear 395,3098720,4.0,3,XXL,Women,2025-05-08T09:25:51.348709
Jacket 396,2505280,3.9,3,S,Unisex,2025-05-08T09:25:51.348802
Crewneck 397,855360,3.6,3,M,Men,2025-05-08T09:25:51.348896
T-shirt 398,4592800,4.7,3,L,Women,2025-05-08T09:25:51.348990
Hoodie 399,2523520,3.6,3,XL,Unisex,2025-05-08T09:25:51.349084
Pants 400,6020640,4.7,3,XXL,Men,2025-05-08T09:25:51.349179
Jacket 402,2029120,4.6,3,M,Unisex,2025-05-08T09:25:51.446884
Crewneck 403,1580320,4.1,3,L,Men,2025-05-08T09:25:51.446989
T-shirt 404,3501120,4.9,3,XL,Women,2025-05-08T09:25:51.447089
Hoodie 405,5080160,3.8,3,XXL,Unisex,2025-05-08T09:25:51.447187
Outerwear 407,2761280,3.7,3,M,Women,2025-05-08T09:25:51.447448
Jacket 408,4176000,4.9,3,L,Unisex,2025-05-08T09:25:51.447618
Crewneck 409,3221760,3.5,3,XL,Men,2025-05-08T09:25:51.447843
T-shirt 410,1586720,3.1,3,XXL,Women,2025-05-08T09:25:51.448036
Pants 412,5438240,4.4,3,M,Men,2025-05-08T09:25:51.448256
Outerwear 413,1306400,3.4,3,L,Women,2025-05-08T09:25:51.448357
Jacket 414,2234720,3.7,3,XL,Unisex,2025-05-08T09:25:51.448454
Crewneck 415,3617440,3.1,3,XXL,Men,2025-05-08T09:25:51.448552
T-shirt 416,4454080,3.1,3,S,Women,2025-05-08T09:25:51.448649
Hoodie 417,2769440,4.6,3,M,Unisex,2025-05-08T09:25:51.448757
Pants 418,6307840,5.0,3,L,Men,2025-05-08T09:25:51.448866
Outerwear 419,7004000,5.0,3,XL,Women,2025-05-08T09:25:51.448971
Jacket 420,2472640,3.1,3,XXL,Unisex,2025-05-08T09:25:51.449117
T-shirt 422,924320,3.9,3,M,Women,2025-05-08T09:25:51.545528
Hoodie 423,4601760,3.7,3,L,Unisex,2025-05-08T09:25:51.545629
Pants 424,3865760,4.4,3,XL,Men,2025-05-08T09:25:51.545728
Outerwear 425,2528480,4.8,3,XXL,Women,2025-05-08T09:25:51.545829
Jacket 426,3462400,3.4,3,S,Unisex,2025-05-08T09:25:51.545928
Crewneck 427,6375200,3.3,3,M,Men,2025-05-08T09:25:51.546026
T-shirt 428,7053120,4.9,3,L,Women,2025-05-08T09:25:51.546122
Hoodie 429,1658560,4.9,3,XL,Unisex,2025-05-08T09:25:51.546221
Pants 430,1442080,3.9,3,XXL,Men,2025-05-08T09:25:51.546320
Jacket 432,2151840,4.5,3,M,Unisex,2025-05-08T09:25:51.546511
Crewneck 433,3872480,4.2,3,L,Men,2025-05-08T09:25:51.546607
T-shirt 434,6557120,4.9,3,XL,Women,2025-05-08T09:25:51.546703
Hoodie 435,1015680,4.0,3,XXL,Unisex,2025-05-08T09:25:51.546798
Outerwear 437,1016800,3.9,3,M,Women,2025-05-08T09:25:51.546996
Jacket 438,2453120,4.5,3,L,Unisex,2025-05-08T09:25:51.547094
Crewneck 439,4005440,3.2,3,XL,Men,2025-05-08T09:25:51.547194
T-shirt 440,5326080,3.0,3,XXL,Women,2025-05-08T09:25:51.547287
Pants 442,4701600,4.3,3,M,Men,2025-05-08T09:25:51.677073
Outerwear 443,7262720,4.2,3,L,Women,2025-05-08T09:25:51.677175
Jacket 444,4016960,3.3,3,XL,Unisex,2025-05-08T09:25:51.677275
Crewneck 445,3574240,4.5,3,XXL,Men,2025-05-08T09:25:51.677377
T-shirt 446,7740160,3.2,3,S,Women,2025-05-08T09:25:51.677476
Hoodie 447,4748640,4.0,3,M,Unisex,2025-05-08T09:25:51.677573
Pants 448,820160,4.4,3,L,Men,2025-05-08T09:25:51.677670
Outerwear 449,6410080,4.0,3,XL,Women,2025-05-08T09:25:51.677765
Jacket 450,8754880,3.1,3,XXL,Unisex,2025-05-08T09:25:51.677873
T-shirt 452,6892800,4.4,3,M,Women,2025-05-08T09:25:51.678067
Hoodie 453,6576960,4.2,3,L,Unisex,2025-05-08T09:25:51.678162
Pants 454,2179520,5.0,3,XL,Men,2025-05-08T09:25:51.678258
Outerwear 455,1094080,4.8,3,XXL,Women,2025-05-08T09:25:51.678354
Jacket 456,8096000,4.1,3,S,Unisex,2025-05-08T09:25:51.678452
Crewneck 457,7342880,4.8,3,M,Men,2025-05-08T09:25:51.678546
T-shirt 458,4240000,4.4,3,L,Women,2025-05-08T09:25:51.678642
Hoodie 459,3237280,3.5,3,XL,Unisex,2025-05-08T09:25:51.678738
Pants 460,1880800,3.6,3,XXL,Men,2025-05-08T09:25:51.678833
Jacket 462,6767840,4.5,3,M,Unisex,2025-05-08T09:25:51.774803
Crewneck 463,7539520,4.5,3,L,Men,2025-05-08T09:25:51.774906
T-shirt 464,6070080,4.5,3,XL,Women,2025-05-08T09:25:51.775008
Hoodie 465,6164320,4.7,3,XXL,Unisex,2025-05-08T09:25:51.775110
Outerwear 467,1325920,3.5,3,M,Women,2025-05-08T09:25:51.775338
Jacket 468,4584960,3.7,3,L,Unisex,2025-05-08T09:25:51.775440
Crewneck 469,1738880,4.2,3,XL,Men,2025-05-08T09:25:51.775539
T-shirt 470,7738880,3.1,3,XXL,Women,2025-05-08T09:25:51.775637
Pants 472,3902080,3.1,3,M,Men,2025-05-08T09:25:51.775836
Outerwear 473,5478080,4.2,3,L,Women,2025-05-08T09:25:51.775933
Jacket 474,5864960,4.7,3,XL,Unisex,2025-05-08T09:25:51.776040
Crewneck 475,7017280,4.6,3,XXL,Men,2025-05-08T09:25:51.776139
T-shirt 476,3986240,4.3,3,S,Women,2025-05-08T09:25:51.776236
Hoodie 477,6626080,4.2,3,M,Unisex,2025-05-08T09:25:51.776333
Pants 478,4912000,3.8,3,L,Men,2025-05-08T09:25:51.776430
Outerwear 479,7302400,4.4,3,XL,Women,2025-05-08T09:25:51.776526
Jacket 480,4986240,4.2,3,XXL,Unisex,2025-05-08T09:25:51.776621
T-shirt 482,3352480,4.8,3,M,Women,2025-05-08T09:25:51.877209
Hoodie 483,4035040,4.2,3,L,Unisex,2025-05-08T09:25:51.877315
Pants 484,6428640,4.1,3,XL,Men,2025-05-08T09:25:51.877433
Outerwear 485,4044480,4.7,3,XXL,Women,2025-05-08T09:25:51.877533
Jacket 486,2573760,3.0,3,S,Unisex,2025-05-08T09:25:51.877630
Crewneck 487,6955520,3.7,3,M,Men,2025-05-08T09:25:51.877727
T-shirt 488,8789760,3.8,3,L,Women,2025-05-08T09:25:51.877822
Hoodie 489,3554560,5.0,3,XL,Unisex,2025-05-08T09:25:51.877916
Pants 490,7081600,3.1,3,XXL,Men,2025-05-08T09:25:51.878010
Jacket 492,6011840,3.0,3,M,Unisex,2025-05-08T09:25:51.878227
Crewneck 493,5071520,4.8,3,L,Men,2025-05-08T09:25:51.878343
T-shirt 494,1390080,3.4,3,XL,Women,2025-05-08T09:25:51.878442
Hoodie 495,1663200,4.5,3,XXL,Unisex,2025-05-08T09:25:51.878548
Outerwear 497,3957760,4.4,3,M,Women,2025-05-08T09:25:51.878735
Jacket 498,4412800,4.6,3,L,Unisex,2025-05-08T09:25:51.878832
Crewneck 499,7825920,4.1,3,XL,Men,2025-05-08T09:25:51.878926
T-shirt 500,8114400,4.2,3,XXL,Women,2025-05-08T09:25:51.879021
Pants 502,7132480,4.4,3,M,Men,2025-05-08T09:25:51.980829
Outerwear 503,4924480,4.8,3,L,Women,2025-05-08T09:25:51.980933
Jacket 504,8024480,5.0,3,XL,Unisex,2025-05-08T09:25:51.981045
Crewneck 505,8747680,4.3,3,XXL,Men,2025-05-08T09:25:51.981192
T-shirt 506,8572000,3.6,3,S,Women,2025-05-08T09:25:51.981297
Hoodie 507,6844000,4.7,3,M,Unisex,2025-05-08T09:25:51.981398
Pants 508,7766080,3.5,3,L,Men,2025-05-08T09:25:51.981498
Outerwear 509,7178400,3.1,3,XL,Women,2025-05-08T09:25:51.981595
Jacket 510,1562080,3.4,3,XXL,Unisex,2025-05-08T09:25:51.981692
T-shirt 512,4319680,3.7,3,M,Women,2025-05-08T09:25:51.981891
Hoodie 513,1693760,4.4,3,L,Unisex,2025-05-08T09:25:51.981987
Pants 514,6888960,3.9,3,XL,Men,2025-05-08T09:25:51.982084
Outerwear 515,7262560,3.1,3,XXL,Women,2025-05-08T09:25:51.982196
Jacket 516,7130720,3.4,3,S,Unisex,2025-05-08T09:25:51.982296
Crewneck 517,1069280,3.5,3,M,Men,2025-05-08T09:25:51.982393
T-shirt 518,2575680,4.1,3,L,Women,2025-05-08T09:25:51.982487
Hoodie 519,2236160,4.5,3,XL,Unisex,2025-05-08T09:25:51.982581
Pants 520,2308320,3.8,3,XXL,Men,2025-05-08T09:25:51.982678
Jacket 522,6292960,4.0,3,M,Unisex,2025-05-08T09:25:52.080685
Crewneck 523,3626720,4.6,3,L,Men,2025-05-08T09:25:52.080788
T-shirt 524,936000,3.8,3,XL,Women,2025-05-08T09:25:52.080892
Hoodie 525,7919040,3.6,3,XXL,Unisex,2025-05-08T09:25:52.080992
Outerwear 527,4669280,3.6,3,M,Women,2025-05-08T09:25:52.081226
Jacket 528,5595840,4.0,3,L,Unisex,2025-05-08T09:25:52.081407
Crewneck 529,1420160,3.2,3,XL,Men,2025-05-08T09:25:52.081549
T-shirt 530,6173760,3.3,3,XXL,Women,2025-05-08T09:25:52.081696
Pants 532,8391200,4.1,3,M,Men,2025-05-08T09:25:52.081951
Outerwear 533,3370240,4.2,3,L,Women,2025-05-08T09:25:52.082051
Jacket 534,3479200,3.7,3,XL,Unisex,2025-05-08T09:25:52.082164
Crewneck 535,3901280,3.7,3,XXL,Men,2025-05-08T09:25:52.082269
T-shirt 536,5092480,3.0,3,S,Women,2025-05-08T09:25:52.082371
Hoodie 537,8671840,3.1,3,M,Unisex,2025-05-08T09:25:52.082470
Pants 538,6134240,3.4,3,L,Men,2025-05-08T09:25:52.082571
Outerwear 539,4692640,4.7,3,XL,Women,2025-05-08T09:25:52.082669
Jacket 540,7051840,4.4,3,XXL,Unisex,2025-05-08T09:25:52.082764
T-shirt 542,4761440,3.5,3,M,Women,2025-05-08T09:25:52.183079
Hoodie 543,8715680,4.7,3,L,Unisex,2025-05-08T09:25:52.183412
Pants 544,5957760,3.1,3,XL,Men,2025-05-08T09:25:52.183529
Outerwear 545,3579360,4.0,3,XXL,Women,2025-05-08T09:25:52.183672
Jacket 546,6271520,3.3,3,S,Unisex,2025-05-08T09:25:52.183787
Crewneck 547,5361120,3.9,3,M,Men,2025-05-08T09:25:52.183886
T-shirt 548,2686240,4.6,3,L,Women,2025-05-08T09:25:52.183992
Hoodie 549,2687200,3.7,3,XL,Unisex,2025-05-08T09:25:52.184090
Pants 550,4450080,4.9,3,XXL,Men,2025-05-08T09:25:52.184235
Jacket 552,5380320,4.1,3,M,Unisex,2025-05-08T09:25:52.184445
Crewneck 553,7760800,3.8,3,L,Men,2025-05-08T09:25:52.184540
T-shirt 554,4001120,4.5,3,XL,Women,2025-05-08T09:25:52.184638
Hoodie 555,1809600,3.0,3,XXL,Unisex,2025-05-08T09:25:52.184752
Outerwear 557,5460480,3.4,3,M,Women,2025-05-08T09:25:52.184955
Jacket 558,5007040,4.0,3,L,Unisex,2025-05-08T09:25:52.185054
Crewneck 559,1590880,3.5,3,XL,Men,2025-05-08T09:25:52.185356
T-shirt 560,6885280,4.2,3,XXL,Women,2025-05-08T09:25:52.185463
Pants 562,3724160,4.5,3,M,Men,2025-05-08T09:25:52.305813
Outerwear 563,8197440,4.7,3,L,Women,2025-05-08T09:25:52.305959
Jacket 564,8319200,4.3,3,XL,Unisex,2025-05-08T09:25:52.306086
Crewneck 565,7635200,3.5,3,XXL,Men,2025-05-08T09:25:52.306185
T-shirt 566,2611360,4.6,3,S,Women,2025-05-08T09:25:52.306282
Hoodie 567,4576160,3.2,3,M,Unisex,2025-05-08T09:25:52.306381
Pants 568,2984160,3.3,3,L,Men,2025-05-08T09:25:52.306479
Outerwear 569,4966880,4.7,3,XL,Women,2025-05-08T09:25:52.306580
Jacket 570,4000960,3.9,3,XXL,Unisex,2025-05-08T09:25:52.306678
T-shirt 572,4756320,3.2,3,M,Women,2025-05-08T09:25:52.306885
Hoodie 573,6954080,4.5,3,L,Unisex,2025-05-08T09:25:52.306980
Pants 574,2424000,3.8,3,XL,Men,2025-05-08T09:25:52.307075
Outerwear 575,3517760,3.4,3,XXL,Women,2025-05-08T09:25:52.307170
Jacket 576,805600,3.5,3,S,Unisex,2025-05-08T09:25:52.307264
Crewneck 577,7873920,3.3,3,M,Men,2025-05-08T09:25:52.307357
T-shirt 578,7958880,4.1,3,L,Women,2025-05-08T09:25:52.307451
Hoodie 579,4428640,4.4,3,XL,Unisex,2025-05-08T09:25:52.307543
Pants 580,2625440,3.3,3,XXL,Men,2025-05-08T09:25:52.307636
Jacket 582,4112160,4.1,3,M,Unisex,2025-05-08T09:25:52.445761
Crewneck 583,5737760,4.5,3,L,Men,2025-05-08T09:25:52.445861
T-shirt 584,6964960,4.8,3,XL,Women,2025-05-08T09:25:52.445962
Hoodie 585,6186880,4.9,3,XXL,Unisex,2025-05-08T09:25:52.446063
Outerwear 587,4424960,4.4,3,M,Women,2025-05-08T09:25:52.446255
Jacket 588,4963040,4.7,3,L,Unisex,2025-05-08T09:25:52.446353
Crewneck 589,931840,4.7,3,XL,Men,2025-05-08T09:25:52.446449
T-shirt 590,6457120,3.9,3,XXL,Women,2025-05-08T09:25:52.446545
Pants 592,6805440,4.3,3,M,Men,2025-05-08T09:25:52.446755
Outerwear 593,7163840,3.9,3,L,Women,2025-05-08T09:25:52.446907
Jacket 594,8707680,4.2,3,XL,Unisex,2025-05-08T09:25:52.447041
Crewneck 595,3723840,3.5,3,XXL,Men,2025-05-08T09:25:52.447139
T-shirt 596,8290400,4.4,3,S,Women,2025-05-08T09:25:52.447235
Hoodie 597,7969440,3.3,3,M,Unisex,2025-05-08T09:25:52.447332
Pants 598,4714080,4.1,3,L,Men,2025-05-08T09:25:52.447430
Outerwear 599,1179040,3.3,3,XL,Women,2025-05-08T09:25:52.447527
Jacket 600,6414080,3.0,3,XXL,Unisex,2025-05-08T09:25:52.447621
T-shirt 602,2260960,4.4,3,M,Women,2025-05-08T09:25:52.688268
Hoodie 603,7511520,3.1,3,L,Unisex,2025-05-08T09:25:52.688415
Pants 604,7662240,4.3,3,XL,Men,2025-05-08T09:25:52.688539
Outerwear 605,1710720,3.7,3,XXL,Women,2025-05-08T09:25:52.688641
Jacket 606,5770720,4.6,3,S,Unisex,2025-05-08T09:25:52.688758
Crewneck 607,3857600,3.1,3,M,Men,2025-05-08T09:25:52.688860
T-shirt 608,7047840,4.6,3,L,Women,2025-05-08T09:25:52.688959
Hoodie 609,2956320,4.1,3,XL,Unisex,2025-05-08T09:25:52.689056
Pants 610,4515360,3.3,3,XXL,Men,2025-05-08T09:25:52.689155
Jacket 612,3202720,3.1,3,M,Unisex,2025-05-08T09:25:52.689347
Crewneck 613,1013920,3.6,3,L,Men,2025-05-08T09:25:52.689452
T-shirt 614,2428160,3.1,3,XL,Women,2025-05-08T09:25:52.689546
Hoodie 615,4798720,4.8,3,XXL,Unisex,2025-05-08T09:25:52.689640
Outerwear 617,1765920,4.3,3,M,Women,2025-05-08T09:25:52.689822
Jacket 618,6474080,3.3,3,L,Unisex,2025-05-08T09:25:52.689916
Crewneck 619,8340639,4.4,3,XL,Men,2025-05-08T09:25:52.690010
T-shirt 620,2270240,3.3,3,XXL,Women,2025-05-08T09:25:52.690104
Pants 622,4849600,3.5,3,M,Men,2025-05-08T09:25:52.868555
Outerwear 623,7299520,4.6,3,L,Women,2025-05-08T09:25:52.868782
Jacket 624,6943200,3.9,3,XL,Unisex,2025-05-08T09:25:52.868964
Crewneck 625,7826400,4.1,3,XXL,Men,2025-05-08T09:25:52.869174
T-shirt 626,7777440,4.5,3,S,Women,2025-05-08T09:25:52.869379
Hoodie 627,1232320,3.2,3,M,Unisex,2025-05-08T09:25:52.869560
Pants 628,8113120,4.3,3,L,Men,2025-05-08T09:25:52.869676
Outerwear 629,3997920,4.4,3,XL,Women,2025-05-08T09:25:52.869785
Jacket 630,1003680,3.8,3,XXL,Unisex,2025-05-08T09:25:52.869902
T-shirt 632,4314240,3.6,3,M,Women,2025-05-08T09:25:52.870216
Hoodie 633,3128000,3.1,3,L,Unisex,2025-05-08T09:25:52.870452
Pants 634,8535680,3.9,3,XL,Men,2025-05-08T09:25:52.870604
Outerwear 635,6897120,4.1,3,XXL,Women,2025-05-08T09:25:52.870710
Jacket 636,3476320,4.5,3,S,Unisex,2025-05-08T09:25:52.870811
Crewneck 637,6030240,4.0,3,M,Men,2025-05-08T09:25:52.870909
T-shirt 638,5220960,4.6,3,L,Women,2025-05-08T09:25:52.871042
Hoodie 639,6782720,4.7,3,XL,Unisex,2025-05-08T09:25:52.871252
Pants 640,3038560,3.8,3,XXL,Men,2025-05-08T09:25:52.871625
Jacket 642,7747360,4.7,3,M,Unisex,2025-05-08T09:25:52.976477
Crewneck 643,6116000,3.2,3,L,Men,2025-05-08T09:25:52.976580
T-shirt 644,7479360,4.2,3,XL,Women,2025-05-08T09:25:52.976678
Hoodie 645,3285440,3.3,3,XXL,Unisex,2025-05-08T09:25:52.976775
Outerwear 647,4304960,3.8,3,M,Women,2025-05-08T09:25:52.976962
Jacket 648,8699520,4.5,3,L,Unisex,2025-05-08T09:25:52.977061
Crewneck 649,8588160,3.2,3,XL,Men,2025-05-08T09:25:52.977159
T-shirt 650,8012800,3.4,3,XXL,Women,2025-05-08T09:25:52.977261
Pants 652,6084960,3.3,3,M,Men,2025-05-08T09:25:52.977468
Outerwear 653,2622080,4.0,3,L,Women,2025-05-08T09:25:52.977564
Jacket 654,4089440,4.7,3,XL,Unisex,2025-05-08T09:25:52.977662
Crewneck 655,1834240,4.1,3,XXL,Men,2025-05-08T09:25:52.977757
T-shirt 656,2538720,4.2,3,S,Women,2025-05-08T09:25:52.977854
Hoodie 657,8459040,4.8,3,M,Unisex,2025-05-08T09:25:52.977950
Pants 658,6268320,3.8,3,L,Men,2025-05-08T09:25:52.978045
Outerwear 659,1817920,3.3,3,XL,Women,2025-05-08T09:25:52.978139
Jacket 660,8715200,3.5,3,XXL,Unisex,2025-05-08T09:25:52.978234
T-shirt 662,1422720,4.5,3,M,Women,2025-05-08T09:25:53.077430
Hoodie 663,7087200,4.0,3,L,Unisex,2025-05-08T09:25:53.077533
Pants 664,8248639,3.5,3,XL,Men,2025-05-08T09:25:53.077632
Outerwear 665,4033600,3.2,3,XXL,Women,2025-05-08T09:25:53.077731
Jacket 666,4844000,3.9,3,S,Unisex,2025-05-08T09:25:53.077831
Crewneck 667,1756640,3.7,3,M,Men,2025-05-08T09:25:53.077928
T-shirt 668,5044640,3.7,3,L,Women,2025-05-08T09:25:53.078024
Hoodie 669,2346080,3.3,3,XL,Unisex,2025-05-08T09:25:53.078119
Pants 670,8406720,4.8,3,XXL,Men,2025-05-08T09:25:53.078248
Jacket 672,4776160,4.5,3,M,Unisex,2025-05-08T09:25:53.078447
Crewneck 673,2803360,4.7,3,L,Men,2025-05-08T09:25:53.078541
T-shirt 674,3156640,3.1,3,XL,Women,2025-05-08T09:25:53.078635
Hoodie 675,4314880,3.2,3,XXL,Unisex,2025-05-08T09:25:53.078733
Outerwear 677,4657440,3.3,3,M,Women,2025-05-08T09:25:53.078918
Jacket 678,2777120,4.3,3,L,Unisex,2025-05-08T09:25:53.079014
Crewneck 679,6373120,3.2,3,XL,Men,2025-05-08T09:25:53.079109
T-shirt 680,8164800,3.2,3,XXL,Women,2025-05-08T09:25:53.079204
Pants 682,7616480,3.9,3,M,Men,2025-05-08T09:25:53.182508
Outerwear 683,3907360,3.6,3,L,Women,2025-05-08T09:25:53.182610
Jacket 684,7102560,3.5,3,XL,Unisex,2025-05-08T09:25:53.182709
Crewneck 685,1495840,4.6,3,XXL,Men,2025-05-08T09:25:53.182808
T-shirt 686,5381760,3.8,3,S,Women,2025-05-08T09:25:53.182907
Hoodie 687,4220800,4.7,3,M,Unisex,2025-05-08T09:25:53.183007
Pants 688,1487520,4.4,3,L,Men,2025-05-08T09:25:53.183115
Outerwear 689,1939040,4.6,3,XL,Women,2025-05-08T09:25:53.183214
Jacket 690,8782560,4.7,3,XXL,Unisex,2025-05-08T09:25:53.183315
T-shirt 692,1416480,4.1,3,M,Women,2025-05-08T09:25:53.183522
Hoodie 693,3031680,4.1,3,L,Unisex,2025-05-08T09:25:53.183617
Pants 694,2466720,3.4,3,XL,Men,2025-05-08T09:25:53.183712
Outerwear 695,959360,3.3,3,XXL,Women,2025-05-08T09:25:53.183806
Jacket 696,5146240,4.2,3,S,Unisex,2025-05-08T09:25:53.183901
Crewneck 697,6545120,5.0,3,M,Men,2025-05-08T09:25:53.183994
T-shirt 698,2444960,4.1,3,L,Women,2025-05-08T09:25:53.184089
Hoodie 699,5250240,4.5,3,XL,Unisex,2025-05-08T09:25:53.184184
Pants 700,3526560,4.3,3,XXL,Men,2025-05-08T09:25:53.184280
Jacket 702,4927680,4.3,3,M,Unisex,2025-05-08T09:25:53.287923
Crewneck 703,2949120,4.2,3,L,Men,2025-05-08T09:25:53.288025
T-shirt 704,6214240,4.1,3,XL,Women,2025-05-08T09:25:53.288127
Hoodie 705,3042880,3.1,3,XXL,Unisex,2025-05-08T09:25:53.288228
Outerwear 707,7746240,4.4,3,M,Women,2025-05-08T09:25:53.288424
Jacket 708,8541280,4.3,3,L,Unisex,2025-05-08T09:25:53.288524
Crewneck 709,7022400,3.9,3,XL,Men,2025-05-08T09:25:53.288624
T-shirt 710,3751520,3.2,3,XXL,Women,2025-05-08T09:25:53.288721
Pants 712,1510400,4.1,3,M,Men,2025-05-08T09:25:53.288919
Outerwear 713,3142880,4.4,3,L,Women,2025-05-08T09:25:53.289016
Jacket 714,892320,3.1,3,XL,Unisex,2025-05-08T09:25:53.289113
Crewneck 715,7021760,3.9,3,XXL,Men,2025-05-08T09:25:53.289209
T-shirt 716,3602560,4.9,3,S,Women,2025-05-08T09:25:53.289305
Hoodie 717,1532800,3.6,3,M,Unisex,2025-05-08T09:25:53.289401
Pants 718,4057120,3.2,3,L,Men,2025-05-08T09:25:53.289497
Outerwear 719,3172960,4.7,3,XL,Women,2025-05-08T09:25:53.289593
Jacket 720,2028320,3.8,3,XXL,Unisex,2025-05-08T09:25:53.289688
T-shirt 722,8724320,3.2,3,M,Women,2025-05-08T09:25:53.400164
Hoodie 723,5664800,3.4,3,L,Unisex,2025-05-08T09:25:53.400290
Pants 724,4824800,4.7,3,XL,Men,2025-05-08T09:25:53.400393
Outerwear 725,4979200,3.0,3,XXL,Women,2025-05-08T09:25:53.400619
Jacket 726,6345920,3.5,3,S,Unisex,2025-05-08T09:25:53.400721
Crewneck 727,4024000,4.8,3,M,Men,2025-05-08T09:25:53.400823
T-shirt 728,8173440,3.0,3,L,Women,2025-05-08T09:25:53.400919
Hoodie 729,6431360,3.6,3,XL,Unisex,2025-05-08T09:25:53.401015
Pants 730,7228800,4.5,3,XXL,Men,2025-05-08T09:25:53.401147
Jacket 732,6597600,3.9,3,M,Unisex,2025-05-08T09:25:53.401468
Crewneck 733,1162880,4.7,3,L,Men,2025-05-08T09:25:53.401807
T-shirt 734,6858560,4.2,3,XL,Women,2025-05-08T09:25:53.402055
Hoodie 735,4664320,4.0,3,XXL,Unisex,2025-05-08T09:25:53.402251
Outerwear 737,1015680,4.7,3,M,Women,2025-05-08T09:25:53.402598
Jacket 738,1893920,3.7,3,L,Unisex,2025-05-08T09:25:53.402767
Crewneck 739,8072960,3.3,3,XL,Men,2025-05-08T09:25:53.402875
T-shirt 740,7016640,3.4,3,XXL,Women,2025-05-08T09:25:53.402974
Pants 742,5626080,3.6,3,M,Men,2025-05-08T09:25:53.513964
Outerwear 743,5678080,3.0,3,L,Women,2025-05-08T09:25:53.514066
Jacket 744,5175680,4.1,3,XL,Unisex,2025-05-08T09:25:53.514167
Crewneck 745,2882560,3.8,3,XXL,Men,2025-05-08T09:25:53.514279
T-shirt 746,1517440,5.0,3,S,Women,2025-05-08T09:25:53.514379
Hoodie 747,6326880,4.7,3,M,Unisex,2025-05-08T09:25:53.514478
Pants 748,3134080,3.7,3,L,Men,2025-05-08T09:25:53.514576
Outerwear 749,2627360,3.2,3,XL,Women,2025-05-08T09:25:53.514673
Jacket 750,1030400,3.7,3,XXL,Unisex,2025-05-08T09:25:53.514770
T-shirt 752,7431520,3.8,3,M,Women,2025-05-08T09:25:53.514965
Hoodie 753,8137600,4.8,3,L,Unisex,2025-05-08T09:25:53.515065
Pants 754,7229760,3.1,3,XL,Men,2025-05-08T09:25:53.515164
Outerwear 755,6910400,4.6,3,XXL,Women,2025-05-08T09:25:53.515264
Jacket 756,7128000,3.1,3,S,Unisex,2025-05-08T09:25:53.515360
Crewneck 757,7582720,4.4,3,M,Men,2025-05-08T09:25:53.515455
T-shirt 758,6025920,3.1,3,L,Women,2025-05-08T09:25:53.515551
Hoodie 759,2779840,4.7,3,XL,Unisex,2025-05-08T09:25:53.515645
Pants 760,2191040,4.1,3,XXL,Men,2025-05-08T09:25:53.515739
Jacket 762,4091840,4.9,3,M,Unisex,2025-05-08T09:25:53.614651
Crewneck 763,5792640,3.9,3,L,Men,2025-05-08T09:25:53.614755
T-shirt 764,7211680,3.4,3,XL,Women,2025-05-08T09:25:53.614867
Hoodie 765,1343360,4.9,3,XXL,Unisex,2025-05-08T09:25:53.614971
Outerwear 767,4152800,4.5,3,M,Women,2025-05-08T09:25:53.615161
Jacket 768,5662080,4.9,3,L,Unisex,2025-05-08T09:25:53.615258
Crewneck 769,6294560,3.3,3,XL,Men,2025-05-08T09:25:53.615356
T-shirt 770,1655040,3.5,3,XXL,Women,2025-05-08T09:25:53.615452
Pants 772,8748160,3.4,3,M,Men,2025-05-08T09:25:53.615645
Outerwear 773,3393600,3.2,3,L,Women,2025-05-08T09:25:53.615741
Jacket 774,1485760,4.1,3,XL,Unisex,2025-05-08T09:25:53.615836
Crewneck 775,8189440,3.1,3,XXL,Men,2025-05-08T09:25:53.615931
T-shirt 776,5333120,3.7,3,S,Women,2025-05-08T09:25:53.616026
Hoodie 777,6104800,3.4,3,M,Unisex,2025-05-08T09:25:53.616122
Pants 778,6034720,4.2,3,L,Men,2025-05-08T09:25:53.616217
Outerwear 779,5816480,3.2,3,XL,Women,2025-05-08T09:25:53.616311
Jacket 780,2767520,3.4,3,XXL,Unisex,2025-05-08T09:25:53.616416
T-shirt 782,4117439,4.5,3,M,Women,2025-05-08T09:25:53.715700
Hoodie 783,2510720,3.0,3,L,Unisex,2025-05-08T09:25:53.715800
Pants 784,5341280,3.0,3,XL,Men,2025-05-08T09:25:53.715899
Outerwear 785,6444480,4.3,3,XXL,Women,2025-05-08T09:25:53.716010
Jacket 786,6749280,5.0,3,S,Unisex,2025-05-08T09:25:53.716107
Crewneck 787,4593600,4.7,3,M,Men,2025-05-08T09:25:53.716203
T-shirt 788,3041120,4.7,3,L,Women,2025-05-08T09:25:53.716297
Hoodie 789,2153280,4.0,3,XL,Unisex,2025-05-08T09:25:53.716392
Pants 790,1708320,3.2,3,XXL,Men,2025-05-08T09:25:53.716488
Jacket 792,4068960,3.8,3,M,Unisex,2025-05-08T09:25:53.716682
Crewneck 793,8650080,4.0,3,L,Men,2025-05-08T09:25:53.716778
T-shirt 794,5983040,4.0,3,XL,Women,2025-05-08T09:25:53.716873
Hoodie 795,4209600,3.9,3,XXL,Unisex,2025-05-08T09:25:53.716970
Outerwear 797,2771360,4.9,3,M,Women,2025-05-08T09:25:53.717159
Jacket 798,4391040,3.4,3,L,Unisex,2025-05-08T09:25:53.717256
Crewneck 799,4048800,4.2,3,XL,Men,2025-05-08T09:25:53.717352
T-shirt 800,7433280,4.6,3,XXL,Women,2025-05-08T09:25:53.717448
Pants 802,5710240,4.4,3,M,Men,2025-05-08T09:25:53.820192
Outerwear 803,1875360,4.3,3,L,Women,2025-05-08T09:25:53.820285
Jacket 804,4459040,3.9,3,XL,Unisex,2025-05-08T09:25:53.820368
Crewneck 805,3266720,4.8,3,XXL,Men,2025-05-08T09:25:53.820451
T-shirt 806,7310560,3.0,3,S,Women,2025-05-08T09:25:53.820532
Hoodie 807,5016000,4.7,3,M,Unisex,2025-05-08T09:25:53.820615
Pants 808,8717760,3.2,3,L,Men,2025-05-08T09:25:53.820693
Outerwear 809,7162560,3.7,3,XL,Women,2025-05-08T09:25:53.820771
Jacket 810,3796640,4.8,3,XXL,Unisex,2025-05-08T09:25:53.820848
T-shirt 812,6406080,4.2,3,M,Women,2025-05-08T09:25:53.821004
Hoodie 813,4872800,5.0,3,L,Unisex,2025-05-08T09:25:53.821080
Pants 814,1110080,4.7,3,XL,Men,2025-05-08T09:25:53.821196
Outerwear 815,5985440,4.8,3,XXL,Women,2025-05-08T09:25:53.821284
Jacket 816,1649120,4.5,3,S,Unisex,2025-05-08T09:25:53.821363
Crewneck 817,8744160,4.4,3,M,Men,2025-05-08T09:25:53.821442
T-shirt 818,5160320,3.8,3,L,Women,2025-05-08T09:25:53.821518
Hoodie 819,4742400,4.7,3,XL,Unisex,2025-05-08T09:25:53.821593
Pants 820,6030720,3.4,3,XXL,Men,2025-05-08T09:25:53.821669
Jacket 822,838240,4.2,3,M,Unisex,2025-05-08T09:25:53.922176
Crewneck 823,6103520,4.7,3,L,Men,2025-05-08T09:25:53.922289
T-shirt 824,3301440,4.1,3,XL,Women,2025-05-08T09:25:53.922393
Hoodie 825,1058400,3.8,3,XXL,Unisex,2025-05-08T09:25:53.922498
Outerwear 827,7091040,4.8,3,M,Women,2025-05-08T09:25:53.922692
Jacket 828,2324000,4.6,3,L,Unisex,2025-05-08T09:25:53.922788
Crewneck 829,4630400,4.4,3,XL,Men,2025-05-08T09:25:53.922885
T-shirt 830,4496480,3.0,3,XXL,Women,2025-05-08T09:25:53.922982
Pants 832,3955360,4.6,3,M,Men,2025-05-08T09:25:53.923178
Outerwear 833,7101280,3.0,3,L,Women,2025-05-08T09:25:53.923276
Jacket 834,7223680,3.1,3,XL,Unisex,2025-05-08T09:25:53.923372
Crewneck 835,7143360,3.9,3,XXL,Men,2025-05-08T09:25:53.923468
T-shirt 836,6065440,4.1,3,S,Women,2025-05-08T09:25:53.923564
Hoodie 837,5532640,5.0,3,M,Unisex,2025-05-08T09:25:53.923662
Pants 838,2848800,3.1,3,L,Men,2025-05-08T09:25:53.923758
Outerwear 839,4208320,3.9,3,XL,Women,2025-05-08T09:25:53.923854
Jacket 840,8164640,3.6,3,XXL,Unisex,2025-05-08T09:25:53.923948
T-shirt 842,2859040,3.3,3,M,Women,2025-05-08T09:25:54.065192
Hoodie 843,2997120,3.6,3,L,Unisex,2025-05-08T09:25:54.065293
Pants 844,7422880,3.9,3,XL,Men,2025-05-08T09:25:54.065391
Outerwear 845,2023200,3.2,3,XXL,Women,2025-05-08T09:25:54.065491
Jacket 846,7480480,3.6,3,S,Unisex,2025-05-08T09:25:54.065589
Crewneck 847,4789920,3.7,3,M,Men,2025-05-08T09:25:54.065688
T-shirt 848,6134240,4.1,3,L,Women,2025-05-08T09:25:54.065785
Hoodie 849,7816160,3.5,3,XL,Unisex,2025-05-08T09:25:54.065883
Pants 850,4144160,4.2,3,XXL,Men,2025-05-08T09:25:54.065981
Jacket 852,2777280,4.1,3,M,Unisex,2025-05-08T09:25:54.066178
Crewneck 853,2643840,3.4,3,L,Men,2025-05-08T09:25:54.066274
T-shirt 854,1600000,4.5,3,XL,Women,2025-05-08T09:25:54.066382
Hoodie 855,3249760,5.0,3,XXL,Unisex,2025-05-08T09:25:54.066482
Outerwear 857,4532800,3.0,3,M,Women,2025-05-08T09:25:54.066666
Jacket 858,3748640,3.7,3,L,Unisex,2025-05-08T09:25:54.066764
Crewneck 859,6418560,3.0,3,XL,Men,2025-05-08T09:25:54.066860
T-shirt 860,2419360,4.7,3,XXL,Women,2025-05-08T09:25:54.066956
Pants 862,4131359,3.3,3,M,Men,2025-05-08T09:25:54.205949
Outerwear 863,1071360,4.0,3,L,Women,2025-05-08T09:25:54.206050
Jacket 864,2168000,4.5,3,XL,Unisex,2025-05-08T09:25:54.206166
Crewneck 865,6805120,3.9,3,XXL,Men,2025-05-08T09:25:54.206269
T-shirt 866,2399040,3.2,3,S,Women,2025-05-08T09:25:54.206369
Hoodie 867,1303840,3.3,3,M,Unisex,2025-05-08T09:25:54.206468
Pants 868,7473760,4.6,3,L,Men,2025-05-08T09:25:54.206565
Outerwear 869,6040320,4.5,3,XL,Women,2025-05-08T09:25:54.206662
Jacket 870,6395040,3.5,3,XXL,Unisex,2025-05-08T09:25:54.206761
T-shirt 872,1343680,4.3,3,M,Women,2025-05-08T09:25:54.206956
Hoodie 873,8321600,4.8,3,L,Unisex,2025-05-08T09:25:54.207085
Pants 874,2755200,4.4,3,XL,Men,2025-05-08T09:25:54.207234
Outerwear 875,2506720,4.6,3,XXL,Women,2025-05-08T09:25:54.207340
Jacket 876,3225760,4.6,3,S,Unisex,2025-05-08T09:25:54.207469
Crewneck 877,4552640,4.6,3,M,Men,2025-05-08T09:25:54.207584
T-shirt 878,4809760,4.7,3,L,Women,2025-05-08T09:25:54.207714
Hoodie 879,1026880,3.1,3,XL,Unisex,2025-05-08T09:25:54.207926
Pants 880,6497760,4.3,3,XXL,Men,2025-05-08T09:25:54.208151
Jacket 882,6420960,3.3,3,M,Unisex,2025-05-08T09:25:54.313116
Crewneck 883,5901120,3.6,3,L,Men,2025-05-08T09:25:54.313218
T-shirt 884,7414720,4.3,3,XL,Women,2025-05-08T09:25:54.313316
Hoodie 885,4760640,3.4,3,XXL,Unisex,2025-05-08T09:25:54.313414
Outerwear 887,7806400,3.8,3,M,Women,2025-05-08T09:25:54.313601
Jacket 888,7869280,4.2,3,L,Unisex,2025-05-08T09:25:54.313700
Crewneck 889,6333920,4.6,3,XL,Men,2025-05-08T09:25:54.313800
T-shirt 890,6439040,4.7,3,XXL,Women,2025-05-08T09:25:54.313897
Pants 892,8515360,4.4,3,M,Men,2025-05-08T09:25:54.314093
Outerwear 893,2673600,3.2,3,L,Women,2025-05-08T09:25:54.314189
Jacket 894,2946560,4.8,3,XL,Unisex,2025-05-08T09:25:54.314284
Crewneck 895,1126720,4.3,3,XXL,Men,2025-05-08T09:25:54.314395
T-shirt 896,7873760,4.9,3,S,Women,2025-05-08T09:25:54.314496
Hoodie 897,6077920,3.1,3,M,Unisex,2025-05-08T09:25:54.314593
Pants 898,8408640,4.1,3,L,Men,2025-05-08T09:25:54.314689
Outerwear 899,6192960,4.8,3,XL,Women,2025-05-08T09:25:54.314783
Jacket 900,7214240,3.3,3,XXL,Unisex,2025-05-08T09:25:54.314876
T-shirt 902,3164000,3.6,3,M,Women,2025-05-08T09:25:54.413433
Hoodie 903,2617920,4.1,3,L,Unisex,2025-05-08T09:25:54.413537
Pants 904,3356320,3.9,3,XL,Men,2025-05-08T09:25:54.413638
Outerwear 905,5027840,4.9,3,XXL,Women,2025-05-08T09:25:54.413737
Jacket 906,4301760,3.9,3,S,Unisex,2025-05-08T09:25:54.413835
Crewneck 907,8732640,4.9,3,M,Men,2025-05-08T09:25:54.413930
T-shirt 908,7954880,4.2,3,L,Women,2025-05-08T09:25:54.414025
Hoodie 909,8383840,3.6,3,XL,Unisex,2025-05-08T09:25:54.414119
Pants 910,2395200,4.7,3,XXL,Men,2025-05-08T09:25:54.414215
Jacket 912,7853280,4.9,3,M,Unisex,2025-05-08T09:25:54.414421
Crewneck 913,3222240,3.5,3,L,Men,2025-05-08T09:25:54.414516
T-shirt 914,5799200,4.6,3,XL,Women,2025-05-08T09:25:54.414613
Hoodie 915,2649120,4.2,3,XXL,Unisex,2025-05-08T09:25:54.414710
Outerwear 917,6061600,4.0,3,M,Women,2025-05-08T09:25:54.414897
Jacket 918,5380800,3.3,3,L,Unisex,2025-05-08T09:25:54.414992
Crewneck 919,8364000,4.7,3,XL,Men,2025-05-08T09:25:54.415086
T-shirt 920,3706080,3.2,3,XXL,Women,2025-05-08T09:25:54.415179
Pants 922,1210880,4.4,3,M,Men,2025-05-08T09:25:54.515832
Outerwear 923,2435840,3.7,3,L,Women,2025-05-08T09:25:54.515933
Jacket 924,3764320,3.8,3,XL,Unisex,2025-05-08T09:25:54.516030
Crewneck 925,7900800,4.5,3,XXL,Men,2025-05-08T09:25:54.516133
T-shirt 926,1911040,4.6,3,S,Women,2025-05-08T09:25:54.516237
Hoodie 927,7706400,3.5,3,M,Unisex,2025-05-08T09:25:54.516338
Pants 928,3911680,3.4,3,L,Men,2025-05-08T09:25:54.516438
Outerwear 929,1253440,3.3,3,XL,Women,2025-05-08T09:25:54.516535
Jacket 930,1741120,4.9,3,XXL,Unisex,2025-05-08T09:25:54.516631
T-shirt 932,5937600,4.2,3,M,Women,2025-05-08T09:25:54.516824
Hoodie 933,4960800,3.4,3,L,Unisex,2025-05-08T09:25:54.516920
Pants 934,2248160,3.6,3,XL,Men,2025-05-08T09:25:54.517016
Outerwear 935,6048000,4.1,3,XXL,Women,2025-05-08T09:25:54.517111
Jacket 936,6165440,3.1,3,S,Unisex,2025-05-08T09:25:54.517206
Crewneck 937,2475360,4.1,3,M,Men,2025-05-08T09:25:54.517301
T-shirt 938,4058400,3.6,3,L,Women,2025-05-08T09:25:54.517397
Hoodie 939,4466080,4.8,3,XL,Unisex,2025-05-08T09:25:54.517491
Pants 940,5776000,3.7,3,XXL,Men,2025-05-08T09:25:54.517594
Jacket 942,7972960,3.0,3,M,Unisex,2025-05-08T09:25:54.629671
Crewneck 943,4571040,4.4,3,L,Men,2025-05-08T09:25:54.629772
T-shirt 944,1578240,4.6,3,XL,Women,2025-05-08T09:25:54.629871
Hoodie 945,2107680,4.2,3,XXL,Unisex,2025-05-08T09:25:54.629970
Outerwear 947,7079680,4.6,3,M,Women,2025-05-08T09:25:54.630164
Jacket 948,4600480,3.9,3,L,Unisex,2025-05-08T09:25:54.630261
Crewneck 949,1844320,4.4,3,XL,Men,2025-05-08T09:25:54.630387
T-shirt 950,7691680,4.9,3,XXL,Women,2025-05-08T09:25:54.630494
Pants 952,7155040,3.7,3,M,Men,2025-05-08T09:25:54.630689
Outerwear 953,8423200,3.8,3,L,Women,2025-05-08T09:25:54.630784
Jacket 954,3878720,4.1,3,XL,Unisex,2025-05-08T09:25:54.630880
Crewneck 955,7006560,4.7,3,XXL,Men,2025-05-08T09:25:54.630976
T-shirt 956,4457600,3.1,3,S,Women,2025-05-08T09:25:54.631086
Hoodie 957,4024320,4.4,3,M,Unisex,2025-05-08T09:25:54.631185
Pants 958,3946240,4.8,3,L,Men,2025-05-08T09:25:54.631424
Outerwear 959,6828480,4.6,3,XL,Women,2025-05-08T09:25:54.631563
Jacket 960,5840160,4.5,3,XXL,Unisex,2025-05-08T09:25:54.631674
T-shirt 962,2887840,4.1,3,M,Women,2025-05-08T09:25:54.762529
Hoodie 963,7916160,4.6,3,L,Unisex,2025-05-08T09:25:54.762631
Pants 964,3885280,3.3,3,XL,Men,2025-05-08T09:25:54.762728
Outerwear 965,3107200,4.5,3,XXL,Women,2025-05-08T09:25:54.762843
Jacket 966,8499520,4.9,3,S,Unisex,2025-05-08T09:25:54.762943
Crewneck 967,1744000,3.5,3,M,Men,2025-05-08T09:25:54.763042
T-shirt 968,4045120,4.4,3,L,Women,2025-05-08T09:25:54.763138
Hoodie 969,4231840,3.8,3,XL,Unisex,2025-05-08T09:25:54.763233
Pants 970,952960,4.6,3,XXL,Men,2025-05-08T09:25:54.763329
Jacket 972,7272000,4.4,3,M,Unisex,2025-05-08T09:25:54.763532
Crewneck 973,7134400,3.9,3,L,Men,2025-05-08T09:25:54.763679
T-shirt 974,4769280,3.0,3,XL,Women,2025-05-08T09:25:54.763797
Hoodie 975,4816000,3.6,3,XXL,Unisex,2025-05-08T09:25:54.763895
Outerwear 977,3356000,3.6,3,M,Women,2025-05-08T09:25:54.764080
Jacket 978,3918240,3.6,3,L,Unisex,2025-05-08T09:25:54.764175
Crewneck 979,4848480,3.4,3,XL,Men,2025-05-08T09:25:54.764272
T-shirt 980,6544000,3.1,3,XXL,Women,2025-05-08T09:25:54.764368
Pants 982,7281760,4.9,3,M,Men,2025-05-08T09:25:54.865243
Outerwear 983,5762560,3.2,3,L,Women,2025-05-08T09:25:54.865348
Jacket 984,7349440,3.8,3,XL,Unisex,2025-05-08T09:25:54.865457
Crewneck 985,6236000,4.3,3,XXL,Men,2025-05-08T09:25:54.865557
T-shirt 986,6713760,4.5,3,S,Women,2025-05-08T09:25:54.865656
Hoodie 987,4008000,4.7,3,M,Unisex,2025-05-08T09:25:54.865755
Pants 988,2054239,3.5,3,L,Men,2025-05-08T09:25:54.865851
Outerwear 989,6869440,4.2,3,XL,Women,2025-05-08T09:25:54.865949
Jacket 990,3327360,4.2,3,XXL,Unisex,2025-05-08T09:25:54.866045
T-shirt 992,4840480,4.9,3,M,Women,2025-05-08T09:25:54.866241
Hoodie 993,6361920,3.4,3,L,Unisex,2025-05-08T09:25:54.866336
Pants 994,1693760,4.4,3,XL,Men,2025-05-08T09:25:54.866434
Outerwear 995,8046720,3.2,3,XXL,Women,2025-05-08T09:25:54.866531
Jacket 996,6942400,4.3,3,S,Unisex,2025-05-08T09:25:54.866630
Crewneck 997,5321280,3.9,3,M,Men,2025-05-08T09:25:54.866726
T-shirt 998,908000,4.2,3,L,Women,2025-05-08T09:25:54.866822
Hoodie 999,8534240,4.8,3,XL,Unisex,2025-05-08T09:25:54.866918
Pants 1000,2938240,4.7,3,XXL,Men,2025-05-08T09:25:54.867026
